State,Property Name,City,County,Address,Address Source,Address Confidence,Has Address,Units,Property Type
AL,Birmingham Valley View,Birmingham,Jefferson,,,,No,220,
AL,Cedar Creek Apartments,Montgomery,Montgomery,,,,No,127,
AL,Huntsville Tech Park,Huntsville,Madison,,,,No,175,
AL,ISLAND OAKS APARTMENTS,Orange Beach,Baldwin,,,,No,56,
AL,Mobile Bay Apartments,Mobile,Mobile,,,,No,160,
AL,Montgomery Executive Park,Montgomery,Montgomery,,,,No,185,
AL,Sunrise Apartments,Montgomery,Montgomery,,,,No,84,
AL,Tuscaloosa College Park,Tuscaloosa,Tuscaloosa,,,,No,150,
AL,University Downs Apartments,Tuscaloosa,Tuscaloosa,,,,No,430,
FL,Ashton Parc,,,,,,No,,
FL,Backlot Apartments,Kissimmee,Osceola,,,,No,296,
FL,Beach Bluff Apartments,Jacksonville,Duval,"456 Beach Bluff Ave, Jacksonville, FL 32210",manual_verification,1.0,Yes,88,
FL,Bella Vista Village,Gainesville,Alachua,,,,No,284,
FL,COTTAGE COVE APARTMENTS,Miami,Miami-Dade,,,,No,468,
FL,CRYSTAL LAKE APARTMENTS,Pensacola,Escambia,"7680 US Highway 98, Pensacola, FL 32506",raw_data,1.0,Yes,224,
FL,Cane Island Loop,Kissimmee,Osceola,,,,No,168,
FL,Clubside Apartments,Venice,Sarasota,"100 Clubside Lane, Venice, FL 34292",manual_verification,1.0,Yes,77,
FL,Cobblestone at Eagle Harbor,,,,,,No,,
FL,Columbia Arms and Aspen-Alpine Apartments,Lake City,Columbia,,,,No,114,
FL,Danube Apartments,Orlando,Orange,,,,No,126,
FL,EVERGREEN AT SOUTHWOOD,Tallahassee,Leon,"1943 Dawsey St, Tallahassee, FL 32303",raw_data,1.0,Yes,288,
FL,Edison Grand,Fort Myers,Lee,,,,No,327,
FL,Gainesville Campus Quarter,Gainesville,Alachua,,,,No,185,
FL,Innovo at Sunrise,Sunrise,Broward,"789 Innovo Boulevard, Sunrise, FL 33323",manual_verification,1.0,Yes,168,
FL,Innovo at Waters,Tampa,Hillsborough,,,,No,196,
FL,Jacksonvile Beach Towers,Jacksonville,Duval,,,,No,290,
FL,Jacksonville Waterfront,Jacksonville,Duval,,,,No,150,
FL,Lynn Haven Cove,Lynn Haven,Bay,,,,No,149,
FL,Miami Beach Residences,Miami,Miami-Dade,,,,No,280,
FL,Orlando Gateway Apartments,Orlando,Orange,,,,No,220,
FL,Palm Beach Gardens,West Palm Beach,,,,,No,160,
FL,Pensacola Historic District,Pensacola,Escambia,,,,No,165,
FL,Portofino Cove,Fort Myers,Lee,,,,No,270,
FL,Rolling Hills,Orlando,Orange,"5402 Pine Chase Dr, Orlando, FL 32808",raw_data,1.0,Yes,240,
FL,Southern Garden,Valparaiso,Okaloosa,,,,No,84,
FL,Tampa Bay Heights,Tampa,Hillsborough,,,,No,200,
FL,The Avenue,Davie,Broward,,,,No,392,
FL,The Club at Crystal Lake,Deerfield Beach,Broward,,,,No,125,
FL,The Courtyards at San Jose,Jacksonville,Duval,,,,No,90,
FL,The Gables,Kissimmee,Osceola,"1209 Bermuda Lakes Ln, Kissimmee, FL 34741",raw_data,1.0,Yes,132,
FL,Warehouse Lofts,Tampa,Hillsborough,,,,No,54,
FL,Whitney Place Townhomes,Clearwater,Pinellas,,,,No,32,
FL,Wilton Walk Townhomes,Wilton Manors,Broward,,,,No,18,
GA,2500 BARNSDALE WAY,Albany,Dougherty,,,,No,59,
GA,ASHGROVE APARTMENTS,Stone Mountain,DeKalb,"1700 Weatherly Dr, Stone Mountain, GA 30083",raw_data,1.0,Yes,92,
GA,Athens College Town,Athens,Clarke,"2005 South Milledge Ave, Athens, GA 30605",raw_data,1.0,Yes,195,
GA,Augusta Park Apartments,Augusta,Richmond,,,,No,170,
GA,BROOKSTONE CROSSING,Atlanta,DeKalb,,,,No,199,
GA,Bedford Park,Atlanta,DeKalb,,,,No,272,
GA,Bella Grand,Marietta,Cobb,,,,No,192,
GA,CHAMBLEE HEIGHTS,Chamblee,DeKalb,,,,No,170,
GA,Citizens Square Villas,Dallas,Paulding,,,,No,100,
GA,Defeased,(multiple),,,,,No,402,
GA,Forsyth Row,Savannah,Chatham,,,,No,142,
GA,GREENHILL APARTMENTS,Columbus,Muscogee,"3528 Gentian Blvd, Columbus, GA 31907",raw_data,1.0,Yes,258,
GA,Hill District Flats,Augusta,Richmond,,,,No,124,
GA,Landings Edge,Savannah,Chatham,,,,No,72,
GA,Legacy Commons,Tucker,Gwinnett,,,,No,288,
GA,Macon Central Park,Macon,Bibb,,,,No,155,
GA,Marsh Landing Apartments,Brunswick,Glynn,,,,No,862,
GA,PINE HILLS,Smyrna,Cobb,,,,No,48,
GA,Peach Tree Lofts,Atlanta,,,,,No,140,
GA,Peachtree Multifamily One,Atlanta,Fulton,,,,No,245,
GA,Perimeter Bend (control),Augusta,Richmond,,,,No,110,
GA,Riverwalk Augusta,Augusta,Richmond,,,,No,156,
GA,SHADOW LAKE APARTMENTS,Doraville,Dekalb,,,,No,228,
GA,Savannah Historic Residences,Savannah,Chatham,,,,No,180,
GA,Savannah Trellis,Savannah,Chatham,,,,No,168,
GA,Southern Woods,Tucker,GWINNETT,,,,No,104,
GA,Stanford Oaks,Tucker,DeKalb,,,,No,202,
GA,Studio 9Forty Apartments,Atlanta,Fulton,,,,No,24,
GA,Summerville Court,Augusta,Richmond,,,,No,88,
GA,Tifton Student Housing,Tifton,Tift,,,,No,240,
GA,Tybee Gateway,Savannah,Chatham,,,,No,104,
GA,Valleybrook Apartments,Newnan,Coweta,,,,No,71,
GA,Walden Brook Apartments,Lithonia,DeKalb,,,,No,256,
GA,Westpark Club,Athens,Clarke,,,,No,244,
GA,Woodland Trace Apartments,Conyers,Rockdale,,,,No,376,
KS,Flats at Dunlap,,,,,,No,,
KS,Hawthorne Place Townhomes,Lawrence,Douglas,,,,No,38,
KS,Kansas City Metropolitan,Kansas City,Wyandotte,,,,No,270,
KS,MARIPOSA TOWNHOMES,Topeka,Shawnee,,,,No,54,
KS,Olathe Midtown,Olathe,Johnson,,,,No,160,
KS,Overland Park Residences,Overland Park,Johnson,,,,No,200,
KS,ROYAL RIDGE APARTMENTS,Kansas City,Wyandotte,,,,No,345,
KS,SUNTREE APARTMENTS,Kansas City,Wyandotte,"3040 Suntree Plz, Kansas City, KS 66103",raw_data,1.0,Yes,216,
KS,THE BLUFFS,Junction City,Geary,,,,No,544,
KS,Terrace Pointe Apartments,Kansas City,Wyandotte,"641 S 71st Terrace, Kansas City, KS 66111",raw_data,1.0,Yes,125,
KS,Topeka Heights Residential,Topeka,Shawnee,,,,No,150,
KS,Wichita Central Living,Wichita,Sedgwick,,,,No,240,
KY,Covington Riverfront,Covington,Kenton,,,,No,155,
KY,Hayfield,Burlington,BOONE,"5519 Limaburg Rd, Burlington, KY 41005",raw_data,1.0,Yes,86,
KY,Lexington Park Commons,Lexington,Fayette,,,,No,180,
KY,Louisville Riverfront,Louisville,Jefferson,,,,No,240,
KY,Owensboro Central,Owensboro,Daviess,,,,No,140,
KY,Patriot Crossing Apartments,Louisville,Jefferson,,,,No,362,
LA,AUDUBON VILLAGE,Bridge City,Jefferson,"1433 Utah Beach Dr, Bridge City, LA 70094",raw_data,1.0,Yes,136,
LA,Baton Rouge South Park,Baton Rouge,East Baton Rouge,,,,No,160,
LA,Edgewood Apartments,Baton Rouge,E. Baton Rouge Parish,"4949 Stumberg Ln, Baton Rouge, LA 70816",raw_data,1.0,Yes,264,
LA,Fox Creek Apartments,Shreveport,Caddo Parish,,,,No,128,
LA,Lafayette Garden Apartments,Lafayette,Lafayette,,,,No,175,
LA,Magnolia Gardens,Baton Rouge,E. Baton Rouge Parish,,,,No,119,
LA,Monroe Park Plaza,Monroe,Ouachita,,,,No,135,
LA,New Orleans Garden District,New Orleans,Orleans,,,,No,210,
LA,Palms at Sunset Lakes,Zachary,East Baton Rouge,,,,No,144,
LA,Shreveport Central Apartments,Shreveport,Caddo,,,,No,130,
LA,Summertree Apartments,Shreveport,Caddo,"3126 W Bert Kouns Industrial Loop, Shreveport, LA 71118",raw_data,1.0,Yes,202,
NC,ADDISON RIDGE APARTMENTS - PHASE II,Fayetteville,Cumberland,,,,No,214,
NC,Allen Ridge Luxury Apartments,Greenville,Pitt,"1005 Allen Ridge Dr, Greenville, NC 27834",raw_data,1.0,Yes,56,
NC,BRITT LAKES,Fayetteville,Cumberland,"2920 Cosmo Dr, Fayetteville, NC 28304",raw_data,1.0,Yes,216,
NC,BRYAN WOODS APARTMENTS,Garner,Wake,,,,No,160,
NC,CREEKSIDE AT KENNEDY MILL,High Point,Guilford,,,,No,80,
NC,Charlotte Corporate Park,Charlotte,Mecklenburg,,,,No,190,
NC,EAGLE POINT VILLAGE APARTMENTS,Fayetteville,Cumberland,,,,No,300,
NC,Fayetteville Military District,Fayetteville,Cumberland,,,,No,160,
NC,Greenrock Estates,Charlotte,Mecklenburg,"4001 Conway Ave, Charlotte, NC 28209",raw_data,1.0,Yes,296,
NC,Greensboro Market Place,Greensboro,Guilford,,,,No,140,
NC,HAWKS LANDING APARTMENTS,Hickory,Catawba,,,,No,144,
NC,Heights At Mcarthur Park,Fayetteville,Cumberland,,,,No,288,
NC,Mill on Main,Waxhaw,Union,,,,No,66,
NC,OAK COURT APARTMENTS,Wilmington,New Hanover,,,,No,30,
NC,Osprey Cove South,Jacksonville,Onslow,,,,No,228,
NC,Raleigh Tech Square,Raleigh,Wake,,,,No,170,
NC,THE CLIFFS AT WATERFORD,Spring Lake,Cumberland,,,,No,144,
NC,The Retreat Apartments,Greensboro,Guilford,,,,No,503,
NC,Westlake At Morganton Apartments,Fayetteville,Cumberland,,,,No,327,
NC,Wilmington Downtown Living,Wilmington,New Hanover,,,,No,145,
TX,2000 Penn,,,,,,No,,
TX,Aggieland Flats,College Station,Brazos,,,,No,184,
TX,Amarillo Sunrise Apartments,Amarillo,Potter,,,,No,175,
TX,Angleton Industrial,Angleton,Brazoria,,,,No,140,
TX,Arlington Marketplace Apartments,Arlington,Tarrant,,,,No,170,
TX,Arzano,,,,,,No,,
TX,Athens Liberty,Athens,Henderson,,,,No,160,
TX,Austin Central Living,Austin,Travis,,,,No,160,
TX,Autumn Ridge Apartments,Baytown,Harris,"510 Massey Tompkins Rd, Baytown, TX 77521",raw_data,1.0,Yes,199,
TX,BILTMORE APARTMENTS,Arlington,Tarrant,,,,No,186,
TX,BOSTON CREEK APARTMENTS,Lubbock,Lubbock,"2701 44th St, Lubbock, TX 79413",raw_data,1.0,Yes,349,
TX,BRAES HOLLOW APARTMENTS,Houston,Harris,"8701 S Braeswood Blvd, Houston, TX 77031",raw_data,1.0,Yes,254,
TX,Baytown Refinery District,Baytown,Harris,,,,No,175,
TX,Beaumont Downtown,Beaumont,Jefferson,,,,No,185,
TX,Beaumont Industrial Park,Beaumont,Jefferson,,,,No,155,
TX,Bennett Property,Dallas,Dallas,,,,No,52,
TX,Boerne Hill Country,Boerne,Kendall,,,,No,145,
TX,Brownsville Riverside,Brownsville,Cameron,,,,No,120,
TX,Bryan Station Apartments,Bryan,Brazos,,,,No,96,
TX,Bryan Texas Park,Bryan,Brazos,,,,No,170,
TX,Buda Parkside,Buda,Hays,,,,No,140,
TX,Burnet Highland,Burnet,Burnet,,,,No,135,
TX,Butternut Ridge Apartments,,,,,,No,,
TX,CALDER SQUARE APARTMENTS,League City,Galveston,,,,No,164,
TX,CHARTWELL COURT,Houston,Harris,,,,No,243,
TX,COLONY MANOR &amp; GATEHOUSE APARTMENTS,Houston,Harris,,,,No,121,
TX,CURRY JUNCTION,Abilene,Taylor,,,,No,228,
TX,Canton Downtown,Canton,Van Zandt,,,,No,145,
TX,Cedar Park Westlake,Cedar Park,Williamson,,,,No,185,
TX,Cedar Trails Apartments,Tyler,Smith,"3700 McDonald Rd, Tyler, TX 75701",raw_data,1.0,Yes,120,
TX,Circle Apartments,Denison,Grayson,,,,No,49,
TX,Clear Lake Park,Clear Lake,Harris,,,,No,170,
TX,Cleburne Historic Apartments,Cleburne,Johnson,,,,No,140,
TX,College Station University,College Station,Brazos,,,,No,195,
TX,Conroe East Park,Conroe,Montgomery,,,,No,175,
TX,Conroe Westfield,Conroe,Montgomery,,,,No,180,
TX,Copperas Cove Military,Copperas Cove,Coryell,,,,No,160,
TX,Cornerstone Apartments,Huntsville,Walker,,,,No,84,
TX,Corpus Christi Bay View,Corpus Christi,Nueces,,,,No,140,
TX,Corsicana Commercial,Corsicana,Navarro,,,,No,150,
TX,Country Glenn Apartments,,,,,,No,,
TX,Cypress Lake,Houston,Harris,,,,No,216,
TX,Dallas Park Apartments,Dallas,Dallas,,,,No,180,
TX,Danker Village Apartments,,,,,,No,,
TX,Deer Springs Apartments,Humble,Harris,,,,No,128,
TX,Defeased,(multiple),,,,,No,634,
TX,Defeased,Sherman,Grayson,,,,No,292,
TX,Denton University Park,Denton,Denton,,,,No,150,
TX,Desoto Riverside,Desoto,Tarrant,,,,No,155,
TX,Edinburg Central Park,Edinburg,Hidalgo,,,,No,160,
TX,FOREST RIDGE,Dallas,Dallas,,,,No,160,
TX,Fort Worth Midtown,Fort Worth,Tarrant,,,,No,210,
TX,Fountains Matthews,,,,,,No,,
TX,Fredericksburg Mountain,Fredericksburg,Gillespie,,,,No,125,
TX,Frisco Northwest,Frisco,Collin,,,,No,200,
TX,GRAPEVINE STATION,Grapevine,Tarrant,,,,No,273,
TX,Galveston Beach Towers,Galveston,Galveston,,,,No,200,
TX,Garland Central Station,Garland,Dallas,,,,No,160,
TX,Georgetown Historic,Georgetown,Williamson,,,,No,150,
TX,Grand Prairie Industrial,Grand Prairie,Tarrant,,,,No,185,
TX,Great Oaks Apartments,Lufkin,Angelina,,,,No,160,
TX,Harlingen Bay View,Harlingen,Cameron,,,,No,150,
TX,Hilltop Village Apartments,Sherman,Grayson,,,,No,248,
TX,Houston Towers Residential,Houston,Harris,,,,No,320,
TX,Huntsville State College,Huntsville,Walker,,,,No,195,
TX,Irving Innovation Hub,Irving,Dallas,,,,No,185,
TX,Jacksonville Trails,Jacksonville,Cheroklee,,,,No,165,
TX,Katy Central Living,Katy,Harris,,,,No,200,
TX,Kemah Marina Residences,Kemah,Galveston,,,,No,145,
TX,Kerrville Heritage,Kerrville,Kerr,,,,No,140,
TX,Killeen Fort Hood,Killeen,Bell,,,,No,210,
TX,Kingsville Pointe Apartments,Kingsville,Kleberg,,,,No,241,
TX,Kirbyville Pine Forest,Kirbyville,Jasper,,,,No,135,
TX,Kyle Community,Kyle,Hays,,,,No,145,
TX,LAS BRISAS APARTMENTS,Houston,Harris,"5678 Braeswood Boulevard, Houston, TX 77096",manual_verification,1.0,Yes,148,
TX,La Porte Harbor View,La Porte,Harris,,,,No,150,
TX,Lake Jackson Bay Side,Lake Jackson,Brazoria,,,,No,125,
TX,Lakeside Commons,Dallas,,,,,No,180,
TX,Laredo International,Laredo,Webb,,,,No,185,
TX,League City Bay View,League City,Galveston,,,,No,155,
TX,Legends at Kingsville,Kingsville,Kleberg,"1331 W Santa Gertrudis St, Kingsville, TX 78363",raw_data,1.0,Yes,306,
TX,Lewisville Lakeside,Lewisville,Denton,,,,No,175,
TX,Longview Commerce,Longview,Gregg,,,,No,180,
TX,Longview Commerce Center,Longview,Gregg,,,,No,165,
TX,Lubbock Tech Campus,Lubbock,Lubbock,,,,No,145,
TX,Lumberton Pines,Lumberton,Hardin,,,,No,145,
TX,MEADOWS PLACE SENIORS VILLAGE,Stafford,Fort Bend,,,,No,182,
TX,MIDWAY STATION,Midland,Midland,,,,No,210,
TX,MORTON PLACE APARTMENTS,Amarillo,Potter,,,,No,168,
TX,Magnolia Cove Apartments,Houston,Harris,,,,No,376,
TX,Magnolia Flats Apartments,Balcones Heights,Bexar,,,,No,54,
TX,Magnolia Springs,Magnolia,Montgomery,,,,No,160,
TX,Maple Ridge Townhomes,Midlothian,Ellis,,,,No,52,
TX,Marshall Historic District,Marshall,Harrison,,,,No,155,
TX,McAllen Gateway,McAllen,Hidalgo,,,,No,175,
TX,McKinney Heights,McKinney,Collin,,,,No,165,
TX,Mission Rio Valley,Mission,Hidalgo,,,,No,145,
TX,Missouri City Central,Missouri City,Fort Bend,,,,No,185,
TX,Mountain Vista Apartments,El Paso,El Paso,,,,No,160,
TX,Nassau Bay Residential,Nassau Bay,Harris,,,,No,135,
TX,New Braunfels Guadalupe,New Braunfels,Comal,,,,No,165,
TX,Northgate Lofts,College Station,Brazos,,,,No,220,
TX,Oak Manor Villas,Big Spring,Howard,"2501 Joshua Dr, Big Spring, TX 79720",raw_data,1.0,Yes,72,
TX,Odessa Basin Residences,Odessa,Ector,,,,No,130,
TX,Orange Industrial,Orange,Orange,,,,No,155,
TX,PARKWYN TOWNHOMES,North Richland Hills,Tarrant,,,,No,241,
TX,Park Lane Apartments,Arlington,Tarrant,,,,No,248,
TX,Pasadena Industrial Park,Pasadena,Harris,,,,No,160,
TX,Pearland Park Commons,Pearland,Brazoria,,,,No,190,
TX,Pebble Walk Apartments,Houston,Harris,,,,No,228,
TX,Pflugerville Corporate,Pflugerville,Travis,,,,No,175,
TX,Pharr Commerce District,Pharr,Nueces,,,,No,135,
TX,Phoenix Desert Springs,Phoenix,Tarrant,,,,No,195,
TX,Plano Tech Quarter,Plano,Collin,,,,No,220,
TX,Port Arthur Harbor,Port Arthur,Jefferson,,,,No,160,
TX,QUAIL MEADOWS,Houston,Harris,"9012 Meadow Lane, Houston, TX 77063",manual_verification,1.0,Yes,356,
TX,RAGHU APARTMENTS,Houston,Harris,,,,No,234,
TX,Riverside Park Apartments,Houston,,,,,No,250,
TX,Round Rock Tech Corridor,Round Rock,Williamson,,,,No,220,
TX,SUMMERCREST APARTMENTS,Houston,Harris,,,,No,355,
TX,San Antonio Mission District,San Antonio,Bexar,,,,No,260,
TX,San Marcos Central,San Marcos,Hays,,,,No,160,
TX,Seabrook Bay Side,Seabrook,Harris,,,,No,140,
TX,Seguin Riverside,Seguin,Guadalupe,,,,No,155,
TX,Sidney Baker Apartments,Kerrville,Kerr,,,,No,60,
TX,Silsbee Timber Town,Silsbee,Hardin,,,,No,140,
TX,SkyLoft Austin,Austin,Travis,,,,No,679,
TX,South 400 Apartments,Fort Worth,Tarrant,"400 S Jennings Ave, Fort Worth, TX 76104",raw_data,1.0,Yes,211,
TX,South Gate Apartments,Sherman,Grayson,,,,No,60,
TX,Spurlock Apartments,Nederland,JEFFERSON,,,,No,135,
TX,Stafford Development,Stafford,Fort Bend,,,,No,155,
TX,Sugar Land Technology,Sugar Land,Fort Bend,,,,No,200,
TX,Sunset Heights,Austin,,,,,No,200,
TX,THE DORAL,Dallas,Dallas,"1234 Main Street, Dallas, TX 75201",manual_verification,1.0,Yes,352,
TX,THE ROCHESTER APARTMENTS,Arlington,Tarrant,,,,No,168,
TX,Temple Heights,Temple,Bell,,,,No,175,
TX,Texarkana Twin States,Texarkana,Bowie,,,,No,175,
TX,Texas City Refinery Side,Texas City,Galveston,,,,No,165,
TX,The Azul Apartments,Dallas,Dallas,,,,No,362,
TX,The Flamingo,,,,,,No,,
TX,The Retreat By Watermark,Corpus Christi,Nueces,"5721 Timbergate Drive, Corpus Christi, TX 78414",raw_data,1.0,Yes,324,
TX,The Woodlands South Gate,The Woodlands,Montgomery,,,,No,210,
TX,Tulsa Downtown Living,Tulsa,Tulsa,,,,No,200,
TX,Tyler Rose Valley,Tyler,Smith,,,,No,140,
TX,Villas At San Gabriel,Austin,Travis,"2414 San Gabriel St, Austin, TX 78705",raw_data,1.0,Yes,92,
TX,Villas at Traditions,Bryan,Brazos,,,,No,78,
TX,Vista Del Sol Apts,Pasadena,Harris,"701 Preston Ave, Pasadena, TX 77503",raw_data,1.0,Yes,264,
TX,WINDSOR PARK APARTMENTS,Victoria,Victoria,,,,No,80,
TX,Waco Central Station,Waco,McLennan,,,,No,195,
TX,Waxahachie Cotton Fields,Waxahachie,Ellis,,,,No,160,
TX,Weston at Copperfield,Houston,Harris,,,,No,330,
TX,Wimberley Hill Country,Wimberley,Hays,,,,No,130,
TX,Windbury Apartments,San Antonio,Bexar,,,,No,264,
TX,Wolf Pen Crossing,College Station,Brazos,,,,No,132,
TX,Woodcreek Apartments,Huntsville,Walker,,,,No,196,
TX,Woodlands North Gate,Spring,Harris,,,,No,225,
