Property Name,City,County,State,Google Search Link,Apartments.com Link,Management Company Link,Property Website (to be filled),Website Type,Phone Number,Email Address,Management Company,Confidence,Source,Notes
THE DORAL,Dallas,Dallas,TX,https://www.google.com/search?q=THE+DORAL+Dallas+TX+website,https://www.apartments.com/search/?q=THE+DORAL+Dallas+TX,https://www.google.com/search?q=THE+DORAL+Dallas+property+management+company,,official,,,,1.0,manual_verification,
LAS BRISAS APARTMENTS,Houston,Harris,TX,https://www.google.com/search?q=LAS+BRISAS+APARTMENTS+Houston+TX+website,https://www.apartments.com/search/?q=LAS+BRISAS+APARTMENTS+Houston+TX,https://www.google.com/search?q=LAS+BRISAS+APARTMENTS+Houston+property+management+company,,official,,,,1.0,manual_verification,
Bennett Property,Dallas,Dallas,TX,https://www.google.com/search?q=Bennett+Property+Dallas+TX+website,https://www.apartments.com/search/?q=Bennett+Property+Dallas+TX,https://www.google.com/search?q=Bennett+Property+Dallas+property+management+company,,official,,,,1.0,manual_verification,
Park Lane Apartments,Arlington,Tarrant,TX,https://www.google.com/search?q=Park+Lane+Apartments+Arlington+TX+website,https://www.apartments.com/search/?q=Park+Lane+Apartments+Arlington+TX,https://www.google.com/search?q=Park+Lane+Apartments+Arlington+property+management+company,,official,,,,1.0,manual_verification,
QUAIL MEADOWS,Houston,Harris,TX,https://www.google.com/search?q=QUAIL+MEADOWS+Houston+TX+website,https://www.apartments.com/search/?q=QUAIL+MEADOWS+Houston+TX,https://www.google.com/search?q=QUAIL+MEADOWS+Houston+property+management+company,,official,,,,1.0,manual_verification,
MORTON PLACE APARTMENTS,Amarillo,Potter,TX,https://www.google.com/search?q=MORTON+PLACE+APARTMENTS+Amarillo+TX+website,https://www.apartments.com/search/?q=MORTON+PLACE+APARTMENTS+Amarillo+TX,https://www.google.com/search?q=MORTON+PLACE+APARTMENTS+Amarillo+property+management+company,,official,,,,1.0,manual_verification,
Magnolia Cove Apartments,Houston,Harris,TX,https://www.google.com/search?q=Magnolia+Cove+Apartments+Houston+TX+website,https://www.apartments.com/search/?q=Magnolia+Cove+Apartments+Houston+TX,https://www.google.com/search?q=Magnolia+Cove+Apartments+Houston+property+management+company,,official,,,,1.0,manual_verification,
Defeased,(multiple),,TX,https://www.google.com/search?q=Defeased+(multiple)+TX+website,https://www.apartments.com/search/?q=Defeased+(multiple)+TX,https://www.google.com/search?q=Defeased+(multiple)+property+management+company,,official,,,,1.0,manual_verification,
BRAES HOLLOW APARTMENTS,Houston,Harris,TX,https://www.google.com/search?q=BRAES+HOLLOW+APARTMENTS+Houston+TX+website,https://www.apartments.com/search/?q=BRAES+HOLLOW+APARTMENTS+Houston+TX,https://www.google.com/search?q=BRAES+HOLLOW+APARTMENTS+Houston+property+management+company,,official,,,,1.0,manual_verification,
The Retreat By Watermark,Corpus Christi,Nueces,TX,https://www.google.com/search?q=The+Retreat+By+Watermark+Corpus+Christi+TX+website,https://www.apartments.com/search/?q=The+Retreat+By+Watermark+Corpus+Christi+TX,https://www.google.com/search?q=The+Retreat+By+Watermark+Corpus+Christi+property+management+company,,official,,,,1.0,manual_verification,
SUMMERCREST APARTMENTS,Houston,Harris,TX,https://www.google.com/search?q=SUMMERCREST+APARTMENTS+Houston+TX+website,https://www.apartments.com/search/?q=SUMMERCREST+APARTMENTS+Houston+TX,https://www.google.com/search?q=SUMMERCREST+APARTMENTS+Houston+property+management+company,,official,,,,1.0,manual_verification,
BILTMORE APARTMENTS,Arlington,Tarrant,TX,https://www.google.com/search?q=BILTMORE+APARTMENTS+Arlington+TX+website,https://www.apartments.com/search/?q=BILTMORE+APARTMENTS+Arlington+TX,https://www.google.com/search?q=BILTMORE+APARTMENTS+Arlington+property+management+company,,official,,,,1.0,manual_verification,
RAGHU APARTMENTS,Houston,Harris,TX,https://www.google.com/search?q=RAGHU+APARTMENTS+Houston+TX+website,https://www.apartments.com/search/?q=RAGHU+APARTMENTS+Houston+TX,https://www.google.com/search?q=RAGHU+APARTMENTS+Houston+property+management+company,,official,,,,1.0,manual_verification,
THE ROCHESTER APARTMENTS,Arlington,Tarrant,TX,https://www.google.com/search?q=THE+ROCHESTER+APARTMENTS+Arlington+TX+website,https://www.apartments.com/search/?q=THE+ROCHESTER+APARTMENTS+Arlington+TX,https://www.google.com/search?q=THE+ROCHESTER+APARTMENTS+Arlington+property+management+company,,official,,,,1.0,manual_verification,
CURRY JUNCTION,Abilene,Taylor,TX,https://www.google.com/search?q=CURRY+JUNCTION+Abilene+TX+website,https://www.apartments.com/search/?q=CURRY+JUNCTION+Abilene+TX,https://www.google.com/search?q=CURRY+JUNCTION+Abilene+property+management+company,,official,,,,1.0,manual_verification,
MEADOWS PLACE SENIORS VILLAGE,Stafford,Fort Bend,TX,https://www.google.com/search?q=MEADOWS+PLACE+SENIORS+VILLAGE+Stafford+TX+website,https://www.apartments.com/search/?q=MEADOWS+PLACE+SENIORS+VILLAGE+Stafford+TX,https://www.google.com/search?q=MEADOWS+PLACE+SENIORS+VILLAGE+Stafford+property+management+company,,official,,,,1.0,manual_verification,
GRAPEVINE STATION,Grapevine,Tarrant,TX,https://www.google.com/search?q=GRAPEVINE+STATION+Grapevine+TX+website,https://www.apartments.com/search/?q=GRAPEVINE+STATION+Grapevine+TX,https://www.google.com/search?q=GRAPEVINE+STATION+Grapevine+property+management+company,,official,,,,1.0,manual_verification,
FOREST RIDGE,Dallas,Dallas,TX,https://www.google.com/search?q=FOREST+RIDGE+Dallas+TX+website,https://www.apartments.com/search/?q=FOREST+RIDGE+Dallas+TX,https://www.google.com/search?q=FOREST+RIDGE+Dallas+property+management+company,,official,,,,1.0,manual_verification,
Deer Springs Apartments,Humble,Harris,TX,https://www.google.com/search?q=Deer+Springs+Apartments+Humble+TX+website,https://www.apartments.com/search/?q=Deer+Springs+Apartments+Humble+TX,https://www.google.com/search?q=Deer+Springs+Apartments+Humble+property+management+company,,official,,,,1.0,manual_verification,
The Azul Apartments,Dallas,Dallas,TX,https://www.google.com/search?q=The+Azul+Apartments+Dallas+TX+website,https://www.apartments.com/search/?q=The+Azul+Apartments+Dallas+TX,https://www.google.com/search?q=The+Azul+Apartments+Dallas+property+management+company,,official,,,,1.0,manual_verification,
Cypress Lake,Houston,Harris,TX,https://www.google.com/search?q=Cypress+Lake+Houston+TX+website,https://www.apartments.com/search/?q=Cypress+Lake+Houston+TX,https://www.google.com/search?q=Cypress+Lake+Houston+property+management+company,,official,,,,1.0,manual_verification,
Woodcreek Apartments,Huntsville,Walker,TX,https://www.google.com/search?q=Woodcreek+Apartments+Huntsville+TX+website,https://www.apartments.com/search/?q=Woodcreek+Apartments+Huntsville+TX,https://www.google.com/search?q=Woodcreek+Apartments+Huntsville+property+management+company,,official,,,,1.0,manual_verification,
Cornerstone Apartments,Huntsville,Walker,TX,https://www.google.com/search?q=Cornerstone+Apartments+Huntsville+TX+website,https://www.apartments.com/search/?q=Cornerstone+Apartments+Huntsville+TX,https://www.google.com/search?q=Cornerstone+Apartments+Huntsville+property+management+company,,official,,,,1.0,manual_verification,
Magnolia Flats Apartments,Balcones Heights,Bexar,TX,https://www.google.com/search?q=Magnolia+Flats+Apartments+Balcones+Heights+TX+website,https://www.apartments.com/search/?q=Magnolia+Flats+Apartments+Balcones+Heights+TX,https://www.google.com/search?q=Magnolia+Flats+Apartments+Balcones+Heights+property+management+company,,official,,,,1.0,manual_verification,
CALDER SQUARE APARTMENTS,League City,Galveston,TX,https://www.google.com/search?q=CALDER+SQUARE+APARTMENTS+League+City+TX+website,https://www.apartments.com/search/?q=CALDER+SQUARE+APARTMENTS+League+City+TX,https://www.google.com/search?q=CALDER+SQUARE+APARTMENTS+League+City+property+management+company,,official,,,,1.0,manual_verification,
COLONY MANOR &amp; GATEHOUSE APARTMENTS,Houston,Harris,TX,https://www.google.com/search?q=COLONY+MANOR+&amp;+GATEHOUSE+APARTMENTS+Houston+TX+website,https://www.apartments.com/search/?q=COLONY+MANOR+&amp;+GATEHOUSE+APARTMENTS+Houston+TX,https://www.google.com/search?q=COLONY+MANOR+&amp;+GATEHOUSE+APARTMENTS+Houston+property+management+company,,official,,,,1.0,manual_verification,
Weston at Copperfield,Houston,Harris,TX,https://www.google.com/search?q=Weston+at+Copperfield+Houston+TX+website,https://www.apartments.com/search/?q=Weston+at+Copperfield+Houston+TX,https://www.google.com/search?q=Weston+at+Copperfield+Houston+property+management+company,,official,,,,1.0,manual_verification,
Mountain Vista Apartments,El Paso,El Paso,TX,https://www.google.com/search?q=Mountain+Vista+Apartments+El+Paso+TX+website,https://www.apartments.com/search/?q=Mountain+Vista+Apartments+El+Paso+TX,https://www.google.com/search?q=Mountain+Vista+Apartments+El+Paso+property+management+company,,official,,,,1.0,manual_verification,
Legends at Kingsville,Kingsville,Kleberg,TX,https://www.google.com/search?q=Legends+at+Kingsville+Kingsville+TX+website,https://www.apartments.com/search/?q=Legends+at+Kingsville+Kingsville+TX,https://www.google.com/search?q=Legends+at+Kingsville+Kingsville+property+management+company,,official,,,,1.0,manual_verification,
PARKWYN TOWNHOMES,North Richland Hills,Tarrant,TX,https://www.google.com/search?q=PARKWYN+TOWNHOMES+North+Richland+Hills+TX+website,https://www.apartments.com/search/?q=PARKWYN+TOWNHOMES+North+Richland+Hills+TX,https://www.google.com/search?q=PARKWYN+TOWNHOMES+North+Richland+Hills+property+management+company,,official,,,,1.0,manual_verification,
CHARTWELL COURT,Houston,Harris,TX,https://www.google.com/search?q=CHARTWELL+COURT+Houston+TX+website,https://www.apartments.com/search/?q=CHARTWELL+COURT+Houston+TX,https://www.google.com/search?q=CHARTWELL+COURT+Houston+property+management+company,,official,,,,1.0,manual_verification,
Kingsville Pointe Apartments,Kingsville,Kleberg,TX,https://www.google.com/search?q=Kingsville+Pointe+Apartments+Kingsville+TX+website,https://www.apartments.com/search/?q=Kingsville+Pointe+Apartments+Kingsville+TX,https://www.google.com/search?q=Kingsville+Pointe+Apartments+Kingsville+property+management+company,,official,,,,1.0,manual_verification,
Defeased,Sherman,Grayson,TX,https://www.google.com/search?q=Defeased+Sherman+TX+website,https://www.apartments.com/search/?q=Defeased+Sherman+TX,https://www.google.com/search?q=Defeased+Sherman+property+management+company,,official,,,,1.0,manual_verification,
South 400 Apartments,Fort Worth,Tarrant,TX,https://www.google.com/search?q=South+400+Apartments+Fort+Worth+TX+website,https://www.apartments.com/search/?q=South+400+Apartments+Fort+Worth+TX,https://www.google.com/search?q=South+400+Apartments+Fort+Worth+property+management+company,,official,,,,1.0,manual_verification,
Great Oaks Apartments,Lufkin,Angelina,TX,https://www.google.com/search?q=Great+Oaks+Apartments+Lufkin+TX+website,https://www.apartments.com/search/?q=Great+Oaks+Apartments+Lufkin+TX,https://www.google.com/search?q=Great+Oaks+Apartments+Lufkin+property+management+company,,official,,,,1.0,manual_verification,
Villas At San Gabriel,Austin,Travis,TX,https://www.google.com/search?q=Villas+At+San+Gabriel+Austin+TX+website,https://www.apartments.com/search/?q=Villas+At+San+Gabriel+Austin+TX,https://www.google.com/search?q=Villas+At+San+Gabriel+Austin+property+management+company,,official,,,,1.0,manual_verification,
Oak Manor Villas,Big Spring,Howard,TX,https://www.google.com/search?q=Oak+Manor+Villas+Big+Spring+TX+website,https://www.apartments.com/search/?q=Oak+Manor+Villas+Big+Spring+TX,https://www.google.com/search?q=Oak+Manor+Villas+Big+Spring+property+management+company,,official,,,,1.0,manual_verification,
Cedar Trails Apartments,Tyler,Smith,TX,https://www.google.com/search?q=Cedar+Trails+Apartments+Tyler+TX+website,https://www.apartments.com/search/?q=Cedar+Trails+Apartments+Tyler+TX,https://www.google.com/search?q=Cedar+Trails+Apartments+Tyler+property+management+company,,official,,,,1.0,manual_verification,
Maple Ridge Townhomes,Midlothian,Ellis,TX,https://www.google.com/search?q=Maple+Ridge+Townhomes+Midlothian+TX+website,https://www.apartments.com/search/?q=Maple+Ridge+Townhomes+Midlothian+TX,https://www.google.com/search?q=Maple+Ridge+Townhomes+Midlothian+property+management+company,,official,,,,1.0,manual_verification,
Vista Del Sol Apts,Pasadena,Harris,TX,https://www.google.com/search?q=Vista+Del+Sol+Apts+Pasadena+TX+website,https://www.apartments.com/search/?q=Vista+Del+Sol+Apts+Pasadena+TX,https://www.google.com/search?q=Vista+Del+Sol+Apts+Pasadena+property+management+company,,official,,,,1.0,manual_verification,
Hilltop Village Apartments,Sherman,Grayson,TX,https://www.google.com/search?q=Hilltop+Village+Apartments+Sherman+TX+website,https://www.apartments.com/search/?q=Hilltop+Village+Apartments+Sherman+TX,https://www.google.com/search?q=Hilltop+Village+Apartments+Sherman+property+management+company,,official,,,,1.0,manual_verification,
Autumn Ridge Apartments,Baytown,Harris,TX,https://www.google.com/search?q=Autumn+Ridge+Apartments+Baytown+TX+website,https://www.apartments.com/search/?q=Autumn+Ridge+Apartments+Baytown+TX,https://www.google.com/search?q=Autumn+Ridge+Apartments+Baytown+property+management+company,,official,,,,1.0,manual_verification,
SkyLoft Austin,Austin,Travis,TX,https://www.google.com/search?q=SkyLoft+Austin+Austin+TX+website,https://www.apartments.com/search/?q=SkyLoft+Austin+Austin+TX,https://www.google.com/search?q=SkyLoft+Austin+Austin+property+management+company,,official,,,,1.0,manual_verification,
Sidney Baker Apartments,Kerrville,Kerr,TX,https://www.google.com/search?q=Sidney+Baker+Apartments+Kerrville+TX+website,https://www.apartments.com/search/?q=Sidney+Baker+Apartments+Kerrville+TX,https://www.google.com/search?q=Sidney+Baker+Apartments+Kerrville+property+management+company,,official,,,,1.0,manual_verification,
WINDSOR PARK APARTMENTS,Victoria,Victoria,TX,https://www.google.com/search?q=WINDSOR+PARK+APARTMENTS+Victoria+TX+website,https://www.apartments.com/search/?q=WINDSOR+PARK+APARTMENTS+Victoria+TX,https://www.google.com/search?q=WINDSOR+PARK+APARTMENTS+Victoria+property+management+company,,official,,,,1.0,manual_verification,
Pebble Walk Apartments,Houston,Harris,TX,https://www.google.com/search?q=Pebble+Walk+Apartments+Houston+TX+website,https://www.apartments.com/search/?q=Pebble+Walk+Apartments+Houston+TX,https://www.google.com/search?q=Pebble+Walk+Apartments+Houston+property+management+company,,official,,,,1.0,manual_verification,
BOSTON CREEK APARTMENTS,Lubbock,Lubbock,TX,https://www.google.com/search?q=BOSTON+CREEK+APARTMENTS+Lubbock+TX+website,https://www.apartments.com/search/?q=BOSTON+CREEK+APARTMENTS+Lubbock+TX,https://www.google.com/search?q=BOSTON+CREEK+APARTMENTS+Lubbock+property+management+company,,official,,,,1.0,manual_verification,
Windbury Apartments,San Antonio,Bexar,TX,https://www.google.com/search?q=Windbury+Apartments+San+Antonio+TX+website,https://www.apartments.com/search/?q=Windbury+Apartments+San+Antonio+TX,https://www.google.com/search?q=Windbury+Apartments+San+Antonio+property+management+company,,official,,,,1.0,manual_verification,
South Gate Apartments,Sherman,Grayson,TX,https://www.google.com/search?q=South+Gate+Apartments+Sherman+TX+website,https://www.apartments.com/search/?q=South+Gate+Apartments+Sherman+TX,https://www.google.com/search?q=South+Gate+Apartments+Sherman+property+management+company,,official,,,,1.0,manual_verification,
Circle Apartments,Denison,Grayson,TX,https://www.google.com/search?q=Circle+Apartments+Denison+TX+website,https://www.apartments.com/search/?q=Circle+Apartments+Denison+TX,https://www.google.com/search?q=Circle+Apartments+Denison+property+management+company,,official,,,,1.0,manual_verification,
Spurlock Apartments,Nederland,JEFFERSON,TX,https://www.google.com/search?q=Spurlock+Apartments+Nederland+TX+website,https://www.apartments.com/search/?q=Spurlock+Apartments+Nederland+TX,https://www.google.com/search?q=Spurlock+Apartments+Nederland+property+management+company,,official,,,,1.0,manual_verification,
MIDWAY STATION,Midland,Midland,TX,https://www.google.com/search?q=MIDWAY+STATION+Midland+TX+website,https://www.apartments.com/search/?q=MIDWAY+STATION+Midland+TX,https://www.google.com/search?q=MIDWAY+STATION+Midland+property+management+company,,official,,,,1.0,manual_verification,
Riverside Park Apartments,Houston,,TX,https://www.google.com/search?q=Riverside+Park+Apartments+Houston+TX+website,https://www.apartments.com/search/?q=Riverside+Park+Apartments+Houston+TX,https://www.google.com/search?q=Riverside+Park+Apartments+Houston+property+management+company,,official,,,,1.0,manual_verification,
Lakeside Commons,Dallas,,TX,https://www.google.com/search?q=Lakeside+Commons+Dallas+TX+website,https://www.apartments.com/search/?q=Lakeside+Commons+Dallas+TX,https://www.google.com/search?q=Lakeside+Commons+Dallas+property+management+company,,official,,,,1.0,manual_verification,
Sunset Heights,Austin,,TX,https://www.google.com/search?q=Sunset+Heights+Austin+TX+website,https://www.apartments.com/search/?q=Sunset+Heights+Austin+TX,https://www.google.com/search?q=Sunset+Heights+Austin+property+management+company,,official,,,,1.0,manual_verification,
Dallas Park Apartments,Dallas,Dallas,TX,https://www.google.com/search?q=Dallas+Park+Apartments+Dallas+TX+website,https://www.apartments.com/search/?q=Dallas+Park+Apartments+Dallas+TX,https://www.google.com/search?q=Dallas+Park+Apartments+Dallas+property+management+company,,official,,,,1.0,manual_verification,
Houston Towers Residential,Houston,Harris,TX,https://www.google.com/search?q=Houston+Towers+Residential+Houston+TX+website,https://www.apartments.com/search/?q=Houston+Towers+Residential+Houston+TX,https://www.google.com/search?q=Houston+Towers+Residential+Houston+property+management+company,,official,,,,1.0,manual_verification,
Austin Central Living,Austin,Travis,TX,https://www.google.com/search?q=Austin+Central+Living+Austin+TX+website,https://www.apartments.com/search/?q=Austin+Central+Living+Austin+TX,https://www.google.com/search?q=Austin+Central+Living+Austin+property+management+company,,official,,,,1.0,manual_verification,
Tulsa Downtown Living,Tulsa,Tulsa,TX,https://www.google.com/search?q=Tulsa+Downtown+Living+Tulsa+TX+website,https://www.apartments.com/search/?q=Tulsa+Downtown+Living+Tulsa+TX,https://www.google.com/search?q=Tulsa+Downtown+Living+Tulsa+property+management+company,,official,,,,1.0,manual_verification,
Fort Worth Midtown,Fort Worth,Tarrant,TX,https://www.google.com/search?q=Fort+Worth+Midtown+Fort+Worth+TX+website,https://www.apartments.com/search/?q=Fort+Worth+Midtown+Fort+Worth+TX,https://www.google.com/search?q=Fort+Worth+Midtown+Fort+Worth+property+management+company,,official,,,,1.0,manual_verification,
San Antonio Mission District,San Antonio,Bexar,TX,https://www.google.com/search?q=San+Antonio+Mission+District+San+Antonio+TX+website,https://www.apartments.com/search/?q=San+Antonio+Mission+District+San+Antonio+TX,https://www.google.com/search?q=San+Antonio+Mission+District+San+Antonio+property+management+company,,official,,,,1.0,manual_verification,
Corpus Christi Bay View,Corpus Christi,Nueces,TX,https://www.google.com/search?q=Corpus+Christi+Bay+View+Corpus+Christi+TX+website,https://www.apartments.com/search/?q=Corpus+Christi+Bay+View+Corpus+Christi+TX,https://www.google.com/search?q=Corpus+Christi+Bay+View+Corpus+Christi+property+management+company,,official,,,,1.0,manual_verification,
Brownsville Riverside,Brownsville,Cameron,TX,https://www.google.com/search?q=Brownsville+Riverside+Brownsville+TX+website,https://www.apartments.com/search/?q=Brownsville+Riverside+Brownsville+TX,https://www.google.com/search?q=Brownsville+Riverside+Brownsville+property+management+company,,official,,,,1.0,manual_verification,
Lubbock Tech Campus,Lubbock,Lubbock,TX,https://www.google.com/search?q=Lubbock+Tech+Campus+Lubbock+TX+website,https://www.apartments.com/search/?q=Lubbock+Tech+Campus+Lubbock+TX,https://www.google.com/search?q=Lubbock+Tech+Campus+Lubbock+property+management+company,,official,,,,1.0,manual_verification,
Amarillo Sunrise Apartments,Amarillo,Potter,TX,https://www.google.com/search?q=Amarillo+Sunrise+Apartments+Amarillo+TX+website,https://www.apartments.com/search/?q=Amarillo+Sunrise+Apartments+Amarillo+TX,https://www.google.com/search?q=Amarillo+Sunrise+Apartments+Amarillo+property+management+company,,official,,,,1.0,manual_verification,
Beaumont Industrial Park,Beaumont,Jefferson,TX,https://www.google.com/search?q=Beaumont+Industrial+Park+Beaumont+TX+website,https://www.apartments.com/search/?q=Beaumont+Industrial+Park+Beaumont+TX,https://www.google.com/search?q=Beaumont+Industrial+Park+Beaumont+property+management+company,,official,,,,1.0,manual_verification,
Tyler Rose Valley,Tyler,Smith,TX,https://www.google.com/search?q=Tyler+Rose+Valley+Tyler+TX+website,https://www.apartments.com/search/?q=Tyler+Rose+Valley+Tyler+TX,https://www.google.com/search?q=Tyler+Rose+Valley+Tyler+property+management+company,,official,,,,1.0,manual_verification,
Longview Commerce Center,Longview,Gregg,TX,https://www.google.com/search?q=Longview+Commerce+Center+Longview+TX+website,https://www.apartments.com/search/?q=Longview+Commerce+Center+Longview+TX,https://www.google.com/search?q=Longview+Commerce+Center+Longview+property+management+company,,official,,,,1.0,manual_verification,
Odessa Basin Residences,Odessa,Ector,TX,https://www.google.com/search?q=Odessa+Basin+Residences+Odessa+TX+website,https://www.apartments.com/search/?q=Odessa+Basin+Residences+Odessa+TX,https://www.google.com/search?q=Odessa+Basin+Residences+Odessa+property+management+company,,official,,,,1.0,manual_verification,
Phoenix Desert Springs,Phoenix,Tarrant,TX,https://www.google.com/search?q=Phoenix+Desert+Springs+Phoenix+TX+website,https://www.apartments.com/search/?q=Phoenix+Desert+Springs+Phoenix+TX,https://www.google.com/search?q=Phoenix+Desert+Springs+Phoenix+property+management+company,,official,,,,1.0,manual_verification,
Arlington Marketplace Apartments,Arlington,Tarrant,TX,https://www.google.com/search?q=Arlington+Marketplace+Apartments+Arlington+TX+website,https://www.apartments.com/search/?q=Arlington+Marketplace+Apartments+Arlington+TX,https://www.google.com/search?q=Arlington+Marketplace+Apartments+Arlington+property+management+company,,official,,,,1.0,manual_verification,
Irving Innovation Hub,Irving,Dallas,TX,https://www.google.com/search?q=Irving+Innovation+Hub+Irving+TX+website,https://www.apartments.com/search/?q=Irving+Innovation+Hub+Irving+TX,https://www.google.com/search?q=Irving+Innovation+Hub+Irving+property+management+company,,official,,,,1.0,manual_verification,
Garland Central Station,Garland,Dallas,TX,https://www.google.com/search?q=Garland+Central+Station+Garland+TX+website,https://www.apartments.com/search/?q=Garland+Central+Station+Garland+TX,https://www.google.com/search?q=Garland+Central+Station+Garland+property+management+company,,official,,,,1.0,manual_verification,
Plano Tech Quarter,Plano,Collin,TX,https://www.google.com/search?q=Plano+Tech+Quarter+Plano+TX+website,https://www.apartments.com/search/?q=Plano+Tech+Quarter+Plano+TX,https://www.google.com/search?q=Plano+Tech+Quarter+Plano+property+management+company,,official,,,,1.0,manual_verification,
McKinney Heights,McKinney,Collin,TX,https://www.google.com/search?q=McKinney+Heights+McKinney+TX+website,https://www.apartments.com/search/?q=McKinney+Heights+McKinney+TX,https://www.google.com/search?q=McKinney+Heights+McKinney+property+management+company,,official,,,,1.0,manual_verification,
Denton University Park,Denton,Denton,TX,https://www.google.com/search?q=Denton+University+Park+Denton+TX+website,https://www.apartments.com/search/?q=Denton+University+Park+Denton+TX,https://www.google.com/search?q=Denton+University+Park+Denton+property+management+company,,official,,,,1.0,manual_verification,
Lewisville Lakeside,Lewisville,Denton,TX,https://www.google.com/search?q=Lewisville+Lakeside+Lewisville+TX+website,https://www.apartments.com/search/?q=Lewisville+Lakeside+Lewisville+TX,https://www.google.com/search?q=Lewisville+Lakeside+Lewisville+property+management+company,,official,,,,1.0,manual_verification,
Frisco Northwest,Frisco,Collin,TX,https://www.google.com/search?q=Frisco+Northwest+Frisco+TX+website,https://www.apartments.com/search/?q=Frisco+Northwest+Frisco+TX,https://www.google.com/search?q=Frisco+Northwest+Frisco+property+management+company,,official,,,,1.0,manual_verification,
Grand Prairie Industrial,Grand Prairie,Tarrant,TX,https://www.google.com/search?q=Grand+Prairie+Industrial+Grand+Prairie+TX+website,https://www.apartments.com/search/?q=Grand+Prairie+Industrial+Grand+Prairie+TX,https://www.google.com/search?q=Grand+Prairie+Industrial+Grand+Prairie+property+management+company,,official,,,,1.0,manual_verification,
Desoto Riverside,Desoto,Tarrant,TX,https://www.google.com/search?q=Desoto+Riverside+Desoto+TX+website,https://www.apartments.com/search/?q=Desoto+Riverside+Desoto+TX,https://www.google.com/search?q=Desoto+Riverside+Desoto+property+management+company,,official,,,,1.0,manual_verification,
Cleburne Historic Apartments,Cleburne,Johnson,TX,https://www.google.com/search?q=Cleburne+Historic+Apartments+Cleburne+TX+website,https://www.apartments.com/search/?q=Cleburne+Historic+Apartments+Cleburne+TX,https://www.google.com/search?q=Cleburne+Historic+Apartments+Cleburne+property+management+company,,official,,,,1.0,manual_verification,
Waxahachie Cotton Fields,Waxahachie,Ellis,TX,https://www.google.com/search?q=Waxahachie+Cotton+Fields+Waxahachie+TX+website,https://www.apartments.com/search/?q=Waxahachie+Cotton+Fields+Waxahachie+TX,https://www.google.com/search?q=Waxahachie+Cotton+Fields+Waxahachie+property+management+company,,official,,,,1.0,manual_verification,
Laredo International,Laredo,Webb,TX,https://www.google.com/search?q=Laredo+International+Laredo+TX+website,https://www.apartments.com/search/?q=Laredo+International+Laredo+TX,https://www.google.com/search?q=Laredo+International+Laredo+property+management+company,,official,,,,1.0,manual_verification,
McAllen Gateway,McAllen,Hidalgo,TX,https://www.google.com/search?q=McAllen+Gateway+McAllen+TX+website,https://www.apartments.com/search/?q=McAllen+Gateway+McAllen+TX,https://www.google.com/search?q=McAllen+Gateway+McAllen+property+management+company,,official,,,,1.0,manual_verification,
Harlingen Bay View,Harlingen,Cameron,TX,https://www.google.com/search?q=Harlingen+Bay+View+Harlingen+TX+website,https://www.apartments.com/search/?q=Harlingen+Bay+View+Harlingen+TX,https://www.google.com/search?q=Harlingen+Bay+View+Harlingen+property+management+company,,official,,,,1.0,manual_verification,
Mission Rio Valley,Mission,Hidalgo,TX,https://www.google.com/search?q=Mission+Rio+Valley+Mission+TX+website,https://www.apartments.com/search/?q=Mission+Rio+Valley+Mission+TX,https://www.google.com/search?q=Mission+Rio+Valley+Mission+property+management+company,,official,,,,1.0,manual_verification,
Edinburg Central Park,Edinburg,Hidalgo,TX,https://www.google.com/search?q=Edinburg+Central+Park+Edinburg+TX+website,https://www.apartments.com/search/?q=Edinburg+Central+Park+Edinburg+TX,https://www.google.com/search?q=Edinburg+Central+Park+Edinburg+property+management+company,,official,,,,1.0,manual_verification,
Pharr Commerce District,Pharr,Nueces,TX,https://www.google.com/search?q=Pharr+Commerce+District+Pharr+TX+website,https://www.apartments.com/search/?q=Pharr+Commerce+District+Pharr+TX,https://www.google.com/search?q=Pharr+Commerce+District+Pharr+property+management+company,,official,,,,1.0,manual_verification,
Angleton Industrial,Angleton,Brazoria,TX,https://www.google.com/search?q=Angleton+Industrial+Angleton+TX+website,https://www.apartments.com/search/?q=Angleton+Industrial+Angleton+TX,https://www.google.com/search?q=Angleton+Industrial+Angleton+property+management+company,,official,,,,1.0,manual_verification,
Lake Jackson Bay Side,Lake Jackson,Brazoria,TX,https://www.google.com/search?q=Lake+Jackson+Bay+Side+Lake+Jackson+TX+website,https://www.apartments.com/search/?q=Lake+Jackson+Bay+Side+Lake+Jackson+TX,https://www.google.com/search?q=Lake+Jackson+Bay+Side+Lake+Jackson+property+management+company,,official,,,,1.0,manual_verification,
Bryan Texas Park,Bryan,Brazos,TX,https://www.google.com/search?q=Bryan+Texas+Park+Bryan+TX+website,https://www.apartments.com/search/?q=Bryan+Texas+Park+Bryan+TX,https://www.google.com/search?q=Bryan+Texas+Park+Bryan+property+management+company,,official,,,,1.0,manual_verification,
College Station University,College Station,Brazos,TX,https://www.google.com/search?q=College+Station+University+College+Station+TX+website,https://www.apartments.com/search/?q=College+Station+University+College+Station+TX,https://www.google.com/search?q=College+Station+University+College+Station+property+management+company,,official,,,,1.0,manual_verification,
Conroe Westfield,Conroe,Montgomery,TX,https://www.google.com/search?q=Conroe+Westfield+Conroe+TX+website,https://www.apartments.com/search/?q=Conroe+Westfield+Conroe+TX,https://www.google.com/search?q=Conroe+Westfield+Conroe+property+management+company,,official,,,,1.0,manual_verification,
Woodlands North Gate,Spring,Harris,TX,https://www.google.com/search?q=Woodlands+North+Gate+Spring+TX+website,https://www.apartments.com/search/?q=Woodlands+North+Gate+Spring+TX,https://www.google.com/search?q=Woodlands+North+Gate+Spring+property+management+company,,official,,,,1.0,manual_verification,
Galveston Beach Towers,Galveston,Galveston,TX,https://www.google.com/search?q=Galveston+Beach+Towers+Galveston+TX+website,https://www.apartments.com/search/?q=Galveston+Beach+Towers+Galveston+TX,https://www.google.com/search?q=Galveston+Beach+Towers+Galveston+property+management+company,,official,,,,1.0,manual_verification,
Texas City Refinery Side,Texas City,Galveston,TX,https://www.google.com/search?q=Texas+City+Refinery+Side+Texas+City+TX+website,https://www.apartments.com/search/?q=Texas+City+Refinery+Side+Texas+City+TX,https://www.google.com/search?q=Texas+City+Refinery+Side+Texas+City+property+management+company,,official,,,,1.0,manual_verification,
League City Bay View,League City,Galveston,TX,https://www.google.com/search?q=League+City+Bay+View+League+City+TX+website,https://www.apartments.com/search/?q=League+City+Bay+View+League+City+TX,https://www.google.com/search?q=League+City+Bay+View+League+City+property+management+company,,official,,,,1.0,manual_verification,
Kemah Marina Residences,Kemah,Galveston,TX,https://www.google.com/search?q=Kemah+Marina+Residences+Kemah+TX+website,https://www.apartments.com/search/?q=Kemah+Marina+Residences+Kemah+TX,https://www.google.com/search?q=Kemah+Marina+Residences+Kemah+property+management+company,,official,,,,1.0,manual_verification,
Pearland Park Commons,Pearland,Brazoria,TX,https://www.google.com/search?q=Pearland+Park+Commons+Pearland+TX+website,https://www.apartments.com/search/?q=Pearland+Park+Commons+Pearland+TX,https://www.google.com/search?q=Pearland+Park+Commons+Pearland+property+management+company,,official,,,,1.0,manual_verification,
Katy Central Living,Katy,Harris,TX,https://www.google.com/search?q=Katy+Central+Living+Katy+TX+website,https://www.apartments.com/search/?q=Katy+Central+Living+Katy+TX,https://www.google.com/search?q=Katy+Central+Living+Katy+property+management+company,,official,,,,1.0,manual_verification,
Baytown Refinery District,Baytown,Harris,TX,https://www.google.com/search?q=Baytown+Refinery+District+Baytown+TX+website,https://www.apartments.com/search/?q=Baytown+Refinery+District+Baytown+TX,https://www.google.com/search?q=Baytown+Refinery+District+Baytown+property+management+company,,official,,,,1.0,manual_verification,
Pasadena Industrial Park,Pasadena,Harris,TX,https://www.google.com/search?q=Pasadena+Industrial+Park+Pasadena+TX+website,https://www.apartments.com/search/?q=Pasadena+Industrial+Park+Pasadena+TX,https://www.google.com/search?q=Pasadena+Industrial+Park+Pasadena+property+management+company,,official,,,,1.0,manual_verification,
La Porte Harbor View,La Porte,Harris,TX,https://www.google.com/search?q=La+Porte+Harbor+View+La+Porte+TX+website,https://www.apartments.com/search/?q=La+Porte+Harbor+View+La+Porte+TX,https://www.google.com/search?q=La+Porte+Harbor+View+La+Porte+property+management+company,,official,,,,1.0,manual_verification,
Seabrook Bay Side,Seabrook,Harris,TX,https://www.google.com/search?q=Seabrook+Bay+Side+Seabrook+TX+website,https://www.apartments.com/search/?q=Seabrook+Bay+Side+Seabrook+TX,https://www.google.com/search?q=Seabrook+Bay+Side+Seabrook+property+management+company,,official,,,,1.0,manual_verification,
Nassau Bay Residential,Nassau Bay,Harris,TX,https://www.google.com/search?q=Nassau+Bay+Residential+Nassau+Bay+TX+website,https://www.apartments.com/search/?q=Nassau+Bay+Residential+Nassau+Bay+TX,https://www.google.com/search?q=Nassau+Bay+Residential+Nassau+Bay+property+management+company,,official,,,,1.0,manual_verification,
Clear Lake Park,Clear Lake,Harris,TX,https://www.google.com/search?q=Clear+Lake+Park+Clear+Lake+TX+website,https://www.apartments.com/search/?q=Clear+Lake+Park+Clear+Lake+TX,https://www.google.com/search?q=Clear+Lake+Park+Clear+Lake+property+management+company,,official,,,,1.0,manual_verification,
Stafford Development,Stafford,Fort Bend,TX,https://www.google.com/search?q=Stafford+Development+Stafford+TX+website,https://www.apartments.com/search/?q=Stafford+Development+Stafford+TX,https://www.google.com/search?q=Stafford+Development+Stafford+property+management+company,,official,,,,1.0,manual_verification,
Sugar Land Technology,Sugar Land,Fort Bend,TX,https://www.google.com/search?q=Sugar+Land+Technology+Sugar+Land+TX+website,https://www.apartments.com/search/?q=Sugar+Land+Technology+Sugar+Land+TX,https://www.google.com/search?q=Sugar+Land+Technology+Sugar+Land+property+management+company,,official,,,,1.0,manual_verification,
Missouri City Central,Missouri City,Fort Bend,TX,https://www.google.com/search?q=Missouri+City+Central+Missouri+City+TX+website,https://www.apartments.com/search/?q=Missouri+City+Central+Missouri+City+TX,https://www.google.com/search?q=Missouri+City+Central+Missouri+City+property+management+company,,official,,,,1.0,manual_verification,
Magnolia Springs,Magnolia,Montgomery,TX,https://www.google.com/search?q=Magnolia+Springs+Magnolia+TX+website,https://www.apartments.com/search/?q=Magnolia+Springs+Magnolia+TX,https://www.google.com/search?q=Magnolia+Springs+Magnolia+property+management+company,,official,,,,1.0,manual_verification,
The Woodlands South Gate,The Woodlands,Montgomery,TX,https://www.google.com/search?q=The+Woodlands+South+Gate+The+Woodlands+TX+website,https://www.apartments.com/search/?q=The+Woodlands+South+Gate+The+Woodlands+TX,https://www.google.com/search?q=The+Woodlands+South+Gate+The+Woodlands+property+management+company,,official,,,,1.0,manual_verification,
Conroe East Park,Conroe,Montgomery,TX,https://www.google.com/search?q=Conroe+East+Park+Conroe+TX+website,https://www.apartments.com/search/?q=Conroe+East+Park+Conroe+TX,https://www.google.com/search?q=Conroe+East+Park+Conroe+property+management+company,,official,,,,1.0,manual_verification,
Huntsville State College,Huntsville,Walker,TX,https://www.google.com/search?q=Huntsville+State+College+Huntsville+TX+website,https://www.apartments.com/search/?q=Huntsville+State+College+Huntsville+TX,https://www.google.com/search?q=Huntsville+State+College+Huntsville+property+management+company,,official,,,,1.0,manual_verification,
Beaumont Downtown,Beaumont,Jefferson,TX,https://www.google.com/search?q=Beaumont+Downtown+Beaumont+TX+website,https://www.apartments.com/search/?q=Beaumont+Downtown+Beaumont+TX,https://www.google.com/search?q=Beaumont+Downtown+Beaumont+property+management+company,,official,,,,1.0,manual_verification,
Port Arthur Harbor,Port Arthur,Jefferson,TX,https://www.google.com/search?q=Port+Arthur+Harbor+Port+Arthur+TX+website,https://www.apartments.com/search/?q=Port+Arthur+Harbor+Port+Arthur+TX,https://www.google.com/search?q=Port+Arthur+Harbor+Port+Arthur+property+management+company,,official,,,,1.0,manual_verification,
Orange Industrial,Orange,Orange,TX,https://www.google.com/search?q=Orange+Industrial+Orange+TX+website,https://www.apartments.com/search/?q=Orange+Industrial+Orange+TX,https://www.google.com/search?q=Orange+Industrial+Orange+property+management+company,,official,,,,1.0,manual_verification,
Lumberton Pines,Lumberton,Hardin,TX,https://www.google.com/search?q=Lumberton+Pines+Lumberton+TX+website,https://www.apartments.com/search/?q=Lumberton+Pines+Lumberton+TX,https://www.google.com/search?q=Lumberton+Pines+Lumberton+property+management+company,,official,,,,1.0,manual_verification,
Silsbee Timber Town,Silsbee,Hardin,TX,https://www.google.com/search?q=Silsbee+Timber+Town+Silsbee+TX+website,https://www.apartments.com/search/?q=Silsbee+Timber+Town+Silsbee+TX,https://www.google.com/search?q=Silsbee+Timber+Town+Silsbee+property+management+company,,official,,,,1.0,manual_verification,
Kirbyville Pine Forest,Kirbyville,Jasper,TX,https://www.google.com/search?q=Kirbyville+Pine+Forest+Kirbyville+TX+website,https://www.apartments.com/search/?q=Kirbyville+Pine+Forest+Kirbyville+TX,https://www.google.com/search?q=Kirbyville+Pine+Forest+Kirbyville+property+management+company,,official,,,,1.0,manual_verification,
Jacksonville Trails,Jacksonville,Cheroklee,TX,https://www.google.com/search?q=Jacksonville+Trails+Jacksonville+TX+website,https://www.apartments.com/search/?q=Jacksonville+Trails+Jacksonville+TX,https://www.google.com/search?q=Jacksonville+Trails+Jacksonville+property+management+company,,official,,,,1.0,manual_verification,
Longview Commerce,Longview,Gregg,TX,https://www.google.com/search?q=Longview+Commerce+Longview+TX+website,https://www.apartments.com/search/?q=Longview+Commerce+Longview+TX,https://www.google.com/search?q=Longview+Commerce+Longview+property+management+company,,official,,,,1.0,manual_verification,
Marshall Historic District,Marshall,Harrison,TX,https://www.google.com/search?q=Marshall+Historic+District+Marshall+TX+website,https://www.apartments.com/search/?q=Marshall+Historic+District+Marshall+TX,https://www.google.com/search?q=Marshall+Historic+District+Marshall+property+management+company,,official,,,,1.0,manual_verification,
Texarkana Twin States,Texarkana,Bowie,TX,https://www.google.com/search?q=Texarkana+Twin+States+Texarkana+TX+website,https://www.apartments.com/search/?q=Texarkana+Twin+States+Texarkana+TX,https://www.google.com/search?q=Texarkana+Twin+States+Texarkana+property+management+company,,official,,,,1.0,manual_verification,
Athens Liberty,Athens,Henderson,TX,https://www.google.com/search?q=Athens+Liberty+Athens+TX+website,https://www.apartments.com/search/?q=Athens+Liberty+Athens+TX,https://www.google.com/search?q=Athens+Liberty+Athens+property+management+company,,official,,,,1.0,manual_verification,
Canton Downtown,Canton,Van Zandt,TX,https://www.google.com/search?q=Canton+Downtown+Canton+TX+website,https://www.apartments.com/search/?q=Canton+Downtown+Canton+TX,https://www.google.com/search?q=Canton+Downtown+Canton+property+management+company,,official,,,,1.0,manual_verification,
Corsicana Commercial,Corsicana,Navarro,TX,https://www.google.com/search?q=Corsicana+Commercial+Corsicana+TX+website,https://www.apartments.com/search/?q=Corsicana+Commercial+Corsicana+TX,https://www.google.com/search?q=Corsicana+Commercial+Corsicana+property+management+company,,official,,,,1.0,manual_verification,
Waco Central Station,Waco,McLennan,TX,https://www.google.com/search?q=Waco+Central+Station+Waco+TX+website,https://www.apartments.com/search/?q=Waco+Central+Station+Waco+TX,https://www.google.com/search?q=Waco+Central+Station+Waco+property+management+company,,official,,,,1.0,manual_verification,
Temple Heights,Temple,Bell,TX,https://www.google.com/search?q=Temple+Heights+Temple+TX+website,https://www.apartments.com/search/?q=Temple+Heights+Temple+TX,https://www.google.com/search?q=Temple+Heights+Temple+property+management+company,,official,,,,1.0,manual_verification,
Killeen Fort Hood,Killeen,Bell,TX,https://www.google.com/search?q=Killeen+Fort+Hood+Killeen+TX+website,https://www.apartments.com/search/?q=Killeen+Fort+Hood+Killeen+TX,https://www.google.com/search?q=Killeen+Fort+Hood+Killeen+property+management+company,,official,,,,1.0,manual_verification,
Copperas Cove Military,Copperas Cove,Coryell,TX,https://www.google.com/search?q=Copperas+Cove+Military+Copperas+Cove+TX+website,https://www.apartments.com/search/?q=Copperas+Cove+Military+Copperas+Cove+TX,https://www.google.com/search?q=Copperas+Cove+Military+Copperas+Cove+property+management+company,,official,,,,1.0,manual_verification,
Round Rock Tech Corridor,Round Rock,Williamson,TX,https://www.google.com/search?q=Round+Rock+Tech+Corridor+Round+Rock+TX+website,https://www.apartments.com/search/?q=Round+Rock+Tech+Corridor+Round+Rock+TX,https://www.google.com/search?q=Round+Rock+Tech+Corridor+Round+Rock+property+management+company,,official,,,,1.0,manual_verification,
Cedar Park Westlake,Cedar Park,Williamson,TX,https://www.google.com/search?q=Cedar+Park+Westlake+Cedar+Park+TX+website,https://www.apartments.com/search/?q=Cedar+Park+Westlake+Cedar+Park+TX,https://www.google.com/search?q=Cedar+Park+Westlake+Cedar+Park+property+management+company,,official,,,,1.0,manual_verification,
Pflugerville Corporate,Pflugerville,Travis,TX,https://www.google.com/search?q=Pflugerville+Corporate+Pflugerville+TX+website,https://www.apartments.com/search/?q=Pflugerville+Corporate+Pflugerville+TX,https://www.google.com/search?q=Pflugerville+Corporate+Pflugerville+property+management+company,,official,,,,1.0,manual_verification,
Georgetown Historic,Georgetown,Williamson,TX,https://www.google.com/search?q=Georgetown+Historic+Georgetown+TX+website,https://www.apartments.com/search/?q=Georgetown+Historic+Georgetown+TX,https://www.google.com/search?q=Georgetown+Historic+Georgetown+property+management+company,,official,,,,1.0,manual_verification,
San Marcos Central,San Marcos,Hays,TX,https://www.google.com/search?q=San+Marcos+Central+San+Marcos+TX+website,https://www.apartments.com/search/?q=San+Marcos+Central+San+Marcos+TX,https://www.google.com/search?q=San+Marcos+Central+San+Marcos+property+management+company,,official,,,,1.0,manual_verification,
Kyle Community,Kyle,Hays,TX,https://www.google.com/search?q=Kyle+Community+Kyle+TX+website,https://www.apartments.com/search/?q=Kyle+Community+Kyle+TX,https://www.google.com/search?q=Kyle+Community+Kyle+property+management+company,,official,,,,1.0,manual_verification,
Buda Parkside,Buda,Hays,TX,https://www.google.com/search?q=Buda+Parkside+Buda+TX+website,https://www.apartments.com/search/?q=Buda+Parkside+Buda+TX,https://www.google.com/search?q=Buda+Parkside+Buda+property+management+company,,official,,,,1.0,manual_verification,
Wimberley Hill Country,Wimberley,Hays,TX,https://www.google.com/search?q=Wimberley+Hill+Country+Wimberley+TX+website,https://www.apartments.com/search/?q=Wimberley+Hill+Country+Wimberley+TX,https://www.google.com/search?q=Wimberley+Hill+Country+Wimberley+property+management+company,,official,,,,1.0,manual_verification,
New Braunfels Guadalupe,New Braunfels,Comal,TX,https://www.google.com/search?q=New+Braunfels+Guadalupe+New+Braunfels+TX+website,https://www.apartments.com/search/?q=New+Braunfels+Guadalupe+New+Braunfels+TX,https://www.google.com/search?q=New+Braunfels+Guadalupe+New+Braunfels+property+management+company,,official,,,,1.0,manual_verification,
Seguin Riverside,Seguin,Guadalupe,TX,https://www.google.com/search?q=Seguin+Riverside+Seguin+TX+website,https://www.apartments.com/search/?q=Seguin+Riverside+Seguin+TX,https://www.google.com/search?q=Seguin+Riverside+Seguin+property+management+company,,official,,,,1.0,manual_verification,
Boerne Hill Country,Boerne,Kendall,TX,https://www.google.com/search?q=Boerne+Hill+Country+Boerne+TX+website,https://www.apartments.com/search/?q=Boerne+Hill+Country+Boerne+TX,https://www.google.com/search?q=Boerne+Hill+Country+Boerne+property+management+company,,official,,,,1.0,manual_verification,
Kerrville Heritage,Kerrville,Kerr,TX,https://www.google.com/search?q=Kerrville+Heritage+Kerrville+TX+website,https://www.apartments.com/search/?q=Kerrville+Heritage+Kerrville+TX,https://www.google.com/search?q=Kerrville+Heritage+Kerrville+property+management+company,,official,,,,1.0,manual_verification,
Fredericksburg Mountain,Fredericksburg,Gillespie,TX,https://www.google.com/search?q=Fredericksburg+Mountain+Fredericksburg+TX+website,https://www.apartments.com/search/?q=Fredericksburg+Mountain+Fredericksburg+TX,https://www.google.com/search?q=Fredericksburg+Mountain+Fredericksburg+property+management+company,,official,,,,1.0,manual_verification,
Burnet Highland,Burnet,Burnet,TX,https://www.google.com/search?q=Burnet+Highland+Burnet+TX+website,https://www.apartments.com/search/?q=Burnet+Highland+Burnet+TX,https://www.google.com/search?q=Burnet+Highland+Burnet+property+management+company,,official,,,,1.0,manual_verification,
Fountains Matthews,,,TX,https://www.google.com/search?q=Fountains+Matthews++TX+website,https://www.apartments.com/search/?q=Fountains+Matthews++TX,https://www.google.com/search?q=Fountains+Matthews++property+management+company,,official,,,,1.0,manual_verification,
Butternut Ridge Apartments,,,TX,https://www.google.com/search?q=Butternut+Ridge+Apartments++TX+website,https://www.apartments.com/search/?q=Butternut+Ridge+Apartments++TX,https://www.google.com/search?q=Butternut+Ridge+Apartments++property+management+company,,official,,,,1.0,manual_verification,
Arzano,,,TX,https://www.google.com/search?q=Arzano++TX+website,https://www.apartments.com/search/?q=Arzano++TX,https://www.google.com/search?q=Arzano++property+management+company,,official,,,,1.0,manual_verification,
Danker Village Apartments,,,TX,https://www.google.com/search?q=Danker+Village+Apartments++TX+website,https://www.apartments.com/search/?q=Danker+Village+Apartments++TX,https://www.google.com/search?q=Danker+Village+Apartments++property+management+company,,official,,,,1.0,manual_verification,
Country Glenn Apartments,,,TX,https://www.google.com/search?q=Country+Glenn+Apartments++TX+website,https://www.apartments.com/search/?q=Country+Glenn+Apartments++TX,https://www.google.com/search?q=Country+Glenn+Apartments++property+management+company,,official,,,,1.0,manual_verification,
2000 Penn,,,TX,https://www.google.com/search?q=2000+Penn++TX+website,https://www.apartments.com/search/?q=2000+Penn++TX,https://www.google.com/search?q=2000+Penn++property+management+company,,official,,,,1.0,manual_verification,
The Flamingo,,,TX,https://www.google.com/search?q=The+Flamingo++TX+website,https://www.apartments.com/search/?q=The+Flamingo++TX,https://www.google.com/search?q=The+Flamingo++property+management+company,,official,,,,1.0,manual_verification,
Aggieland Flats,College Station,Brazos,TX,https://www.google.com/search?q=Aggieland+Flats+College+Station+TX+website,https://www.apartments.com/search/?q=Aggieland+Flats+College+Station+TX,https://www.google.com/search?q=Aggieland+Flats+College+Station+property+management+company,,official,,,,1.0,manual_verification,
Wolf Pen Crossing,College Station,Brazos,TX,https://www.google.com/search?q=Wolf+Pen+Crossing+College+Station+TX+website,https://www.apartments.com/search/?q=Wolf+Pen+Crossing+College+Station+TX,https://www.google.com/search?q=Wolf+Pen+Crossing+College+Station+property+management+company,,official,,,,1.0,manual_verification,
Bryan Station Apartments,Bryan,Brazos,TX,https://www.google.com/search?q=Bryan+Station+Apartments+Bryan+TX+website,https://www.apartments.com/search/?q=Bryan+Station+Apartments+Bryan+TX,https://www.google.com/search?q=Bryan+Station+Apartments+Bryan+property+management+company,,official,,,,1.0,manual_verification,
Northgate Lofts,College Station,Brazos,TX,https://www.google.com/search?q=Northgate+Lofts+College+Station+TX+website,https://www.apartments.com/search/?q=Northgate+Lofts+College+Station+TX,https://www.google.com/search?q=Northgate+Lofts+College+Station+property+management+company,,official,,,,1.0,manual_verification,
Villas at Traditions,Bryan,Brazos,TX,https://www.google.com/search?q=Villas+at+Traditions+Bryan+TX+website,https://www.apartments.com/search/?q=Villas+at+Traditions+Bryan+TX,https://www.google.com/search?q=Villas+at+Traditions+Bryan+property+management+company,,official,,,,1.0,manual_verification,
